{"cameraMode":{"drawMode":0,"name":"Shaded","section":"Shading Mode"},"sceneLighting":true,"audioPlay":false,"sceneViewState":{"m_AlwaysRefresh":false,"showFog":true,"showSkybox":true,"showFlares":true,"showImageEffects":true,"showParticleSystems":true,"showVisualEffectGraphs":true,"m_FxEnabled":true},"in2DMode":false,"pivot":{"x":0.12082996964454651,"y":1.6100647449493409,"z":-4.767456531524658},"rotation":{"x":-0.1940583884716034,"y":0.010885912925004959,"z":-0.0021536669228225948,"w":-0.9809282422065735},"size":3.866024971008301,"orthographic":false}